,SA2 Name,median_income of suburb,median_rent,median_mortgage_repayment,unemployment_rate,unoccupied_rate,yearly building_approval,Greater Perth median income,qualyfing_income(mortgage),affordability_index(mortgage),qualyfing_income(rent),affordability_index(rent)
0,Dawesville - Bouvard,1584.6774193548388,358.9552238805971,467.8422359106372,0.10625202461937157,0.26353591160221,136.0,2333.1674805026496,1559.4741197021242,149.612452750951,1196.5174129353236,194.99653371352701
1,Falcon - Wannanup,1486.9186046511627,342.46031746031747,443.0904109589042,0.10427394438722966,0.3145567169957414,105.0,2333.1674805026496,1476.9680365296808,157.97007266214882,1141.5343915343917,204.38871555735838
2,Greenfields,1192.9347826086955,306.1197916666667,359.5535261288686,0.12906583398386678,0.11869240895129445,20.0,2333.1674805026496,1198.5117537628955,194.67205667173005,1020.3993055555557,228.65239791910267
3,Halls Head - Erskine,1627.840909090909,360.37449392712546,454.79452054794524,0.09528499322910257,0.1988199933207169,195.0,2333.1674805026496,1515.9817351598176,153.9047223584579,1201.2483130904182,194.22857498131876
4,Mandurah,1189.174107142857,290.35388127853884,355.84622182943,0.14081467493930402,0.2843919565911267,111.0,2333.1674805026496,1186.1540727647669,196.70020396796747,967.8462709284628,241.0679826522887
5,Mandurah - East,1476.4851485148513,340.35714285714283,454.3221539914974,0.10280373831775699,0.2444870565675935,66.0,2333.1674805026496,1514.407179971658,154.06473974498158,1134.5238095238094,205.65169817651898
6,Mandurah - North,1882.899628252788,371.5460526315789,469.5901391824746,0.0952827974653837,0.12356402353600447,333.0,2333.1674805026496,1565.3004639415822,149.05556691828366,1238.4868421052631,188.38855619463624
7,Mandurah - South,1272.4654377880186,303.42261904761904,389.23168552709956,0.1223865374808771,0.17343599615014438,123.0,2333.1674805026496,1297.4389517569987,179.82869077138943,1011.4087301587301,230.68492597809424
8,Pinjarra,1475.8064516129032,303.36021505376345,429.2054794520548,0.09387450199203187,0.09936984973339796,86.0,2333.1674805026496,1430.6849315068494,163.08045392253294,1011.2007168458782,230.732379994768
9,City Beach,3754.7770700636943,774.3243243243244,838.9804057568925,0.053467271548930655,0.09087332808811957,22.0,2333.1674805026496,2796.601352522975,83.42867596762638,2581.0810810810813,90.39497044879374
10,Claremont (WA),2897.727272727273,464.07185628742513,636.5252255262277,0.06119757319968346,0.1314508276533593,264.0,2333.1674805026496,2121.7507517540926,109.9642584584346,1546.9061876247506,150.82798809442934
11,Cottesloe,3746.7105263157896,580.2197802197803,902.7397260273973,0.04665260938323669,0.17188389299943085,64.0,2333.1674805026496,3009.1324200913245,77.53621824432173,1934.0659340659345,120.63536404871651
12,Floreat,3640.3743315508013,619.8412698412699,770.7191780821918,0.05130735076467687,0.07436260623229461,39.0,2333.1674805026496,2569.0639269406392,90.81780550634619,2066.1375661375664,112.92411109218968
13,Mosman Park - Peppermint Grove,3262.1951219512193,343.45238095238096,715.6517896597436,0.05805428967703586,0.1199743370402053,40.0,2333.1674805026496,2385.505965532479,97.80597970468094,1144.8412698412699,203.79833798498012
14,Nedlands - Dalkeith - Crawley,3561.349693251533,484.9673202614379,863.3213683979196,0.08912819337839388,0.11497476163768927,61.0,2333.1674805026496,2877.7378946597323,81.07644149358941,1616.5577342047932,144.32936301222588
15,Swanbourne - Mount Claremont,3513.888888888889,533.7837837837837,782.3112990714351,0.0493915533285612,0.12308564946114578,43.0,2333.1674805026496,2607.704330238117,89.47208674879185,1779.2792792792793,131.1299191573641
16,Mount Hawthorn - Leederville,2921.4559386973183,452.8,579.2979452054793,0.056486357108664426,0.10443037974683543,105.0,2333.1674805026496,1930.9931506849312,120.82733072745833,1509.3333333333335,154.5826510933734
17,Mount Lawley - Inglewood,2591.331269349845,366.66666666666674,505.13118179707436,0.059843518714315924,0.10426540284360188,41.0,2333.1674805026496,1683.770605990248,138.5680134931731,1222.2222222222226,190.8955211320349
18,North Perth,2747.267759562841,430.14705882352933,578.2191780821918,0.056791104050833985,0.13346228239845262,110.0,2333.1674805026496,1927.3972602739727,121.05275485194983,1433.8235294117644,162.72347556326176
19,Perth City,2388.2428940568475,429.4761273209549,495.61879342151747,0.08085599831330381,0.16880819851219891,703.0,2333.1674805026496,1652.0626447383916,141.22754291028187,1431.5870910698497,162.9776836531149
20,Subiaco - Shenton Park,2849.693251533742,433.33333333333326,618.022415940224,0.05794263333717314,0.1336866902237927,230.0,2333.1674805026496,2060.074719800747,113.25644929657291,1444.4444444444443,161.5269794194142
21,Wembley - West Leederville - Glendalough,2468.3179723502303,323.6213235294117,496.2234756916465,0.06808080808080808,0.10156156872094407,155.0,2333.1674805026496,1654.0782523054884,141.05544748264677,1078.737745098039,216.2868121658804
22,Bassendean - Eden Hill - Ashfield,1966.666666666667,351.6939252336448,448.10749498298577,0.07897748950782144,0.09686859818554287,147.0,2333.1674805026496,1493.691649943286,156.20141416678857,1172.3130841121495,199.02255738019613
23,Bayswater - Embleton - Bedford,2201.349431818182,366.6182170542636,491.0836396035194,0.07071761117354311,0.1015372564378733,199.0,2333.1674805026496,1636.9454653450646,142.53177823555794,1222.060723514212,190.92074850366598
24,Maylands,2134.393063583815,317.92253521126764,463.04949404557027,0.07658128593831677,0.17095986984815614,117.0,2333.1674805026496,1543.4983134852343,151.1609996666815,1059.7417840375588,220.16377155701156
25,Morley,1664.7897897897894,390.7766990291263,450.45105245573006,0.0874175726252005,0.09767141009055627,150.0,2333.1674805026496,1501.503508185767,155.38874653191877,1302.5889967637543,179.1177022298928
26,Noranda,1846.804511278196,387.09677419354836,454.027397260274,0.0755316548521144,0.07723833543505675,19.0,2333.1674805026496,1513.4246575342465,154.16475930185862,1290.3225806451612,180.82047973895536
27,Glen Forrest - Darlington,2235.930735930736,421.1206896551725,491.9915700737618,0.05819084390512961,0.07181522915914833,7.0,2333.1674805026496,1639.9719002458728,142.26874741895574,1403.7356321839084,166.21131693243026
28,Helena Valley - Koongamia,2057.5916230366493,341.6666666666667,473.76476145488897,0.07125392944463849,0.08972046889089269,67.0,2333.1674805026496,1579.2158715162966,147.74214992295134,1138.888888888889,204.86348609291556
29,Mundaring,2066.85393258427,402.08333333333326,477.86708932412535,0.06357230392156862,0.07277465918203689,48.0,2333.1674805026496,1592.8902977470846,146.47383337085932,1340.2777777777776,174.08088973698528
30,Swan View - Greenmount - Midvale,1659.375,330.410447761194,411.0084669924967,0.09460370994940978,0.09434675742106258,46.0,2333.1674805026496,1370.0282233083224,170.3006873003356,1101.36815920398,211.8426487096703
31,Ballajura,1798.1060606060605,381.03932584269677,421.98309530749054,0.08981676179032742,0.059429957550030325,18.0,2333.1674805026496,1406.6103176916351,165.87163133650066,1270.1310861423226,183.6950143145469
32,Beechboro,1774.4082840236686,369.8571428571428,462.34629617606964,0.08625634237811604,0.06957473420888055,254.0,2333.1674805026496,1541.1543205868988,151.39090546196167,1232.8571428571427,189.2488107012578
33,Bullsbrook,1927.9891304347825,362.5,465.82900330656594,0.0651762031072376,0.07012987012987013,45.0,2333.1674805026496,1552.76334435522,150.25905196593175,1208.3333333333335,193.08972252435717
34,Ellenbrook,2004.231770833333,392.76315789473676,489.08668562620767,0.07859868560525758,0.07362150603329769,877.0,2333.1674805026496,1630.288952087359,143.1137392862383,1309.2105263157894,178.21178745547877
35,Hazelmere - Guildford,2057.9268292682927,395.83333333333326,471.4321295143213,0.06985128436232538,0.07679465776293823,13.0,2333.1674805026496,1571.4404317144042,148.47317361926466,1319.4444444444443,176.82953536441136
36,Lockridge - Kiara,1832.0552147239264,338.70192307692315,461.4959389016851,0.0819373634377276,0.08876854250058865,184.0,2333.1674805026496,1538.3197963389505,151.66985993779434,1129.0064102564106,206.65670799626017
37,Middle Swan - Herne Hill,1639.4230769230771,356.25,408.95606991025033,0.09652076318742986,0.09978586723768736,40.0,2333.1674805026496,1363.1868997008346,171.15536255627802,1187.5,196.4772615160126
38,Midland - Guildford,1601.3071895424835,328.41569767441865,405.1141552511415,0.10823622358285602,0.1346852879280658,206.0,2333.1674805026496,1350.380517503805,172.77852059177647,1094.7189922480622,213.12935073058057
39,Stratton - Jane Brook,1869.2307692307693,363.69047619047615,422.0547945205479,0.07880434782608696,0.06600534147272033,23.0,2333.1674805026496,1406.849315068493,165.84345284975018,1212.3015873015872,192.45767760611054
40,The Vines,2231.578947368421,412.0098039215686,537.6296950950066,0.06637249494392351,0.09357354127453617,218.0,2333.1674805026496,1792.098983650022,130.19188682037066,1373.3660130718954,169.8867933453446
41,Craigie - Beldon,1910.3107344632767,381.1422413793104,447.5342465753425,0.07642487046632124,0.09333333333333334,100.0,2333.1674805026496,1491.7808219178082,156.4014931833732,1270.4741379310346,183.6454132236182
42,Currambine - Kinross,2250.0,420.7880434782609,471.14155251141545,0.07776944236059015,0.07608263806118395,1.0,2333.1674805026496,1570.4718417047181,148.56474459102938,1402.626811594203,166.34271220374072
43,Duncraig,2437.2693726937273,471.46464646464653,508.8328767123288,0.05939716312056738,0.0676836752586358,37.0,2333.1674805026496,1696.1095890410961,137.5599486953975,1571.548821548822,148.4629334138804
44,Greenwood - Warwick,1955.9716599190285,410.2739726027397,474.87020947710676,0.06940287872310104,0.06871345029239766,25.0,2333.1674805026496,1582.9006982570227,147.39822169967877,1367.579908675799,170.60556869117872
45,Heathridge - Connolly,2081.117021276596,395.1030927835051,465.87987355110636,0.07111337406653087,0.08440797186400938,20.0,2333.1674805026496,1552.9329118370213,150.242644915205,1317.0103092783504,177.1563566409057
46,Hillarys,2607.692307692308,514.453125,558.9994044073854,0.06480541455160745,0.0887760038703435,47.0,2333.1674805026496,1863.3313480246181,125.21484613974432,1714.84375,136.05714692680598
47,Iluka - Burns Beach,3047.3933649289097,658.3333333333334,660.9534246575342,0.06224390243902439,0.05761888233252342,75.0,2333.1674805026496,2203.178082191781,105.90008585150555,2194.444444444445,106.32155607353845
48,Joondalup - Edgewater,2037.3376623376623,394.8648648648648,456.6846801558377,0.0907797749903013,0.10250609119387401,21.0,2333.1674805026496,1522.2822671861259,153.26773035433243,1316.216216216216,177.26323773839434
49,Kingsley,2224.4565217391305,432.258064516129,468.8161751510439,0.06150007338910905,0.05927682276229994,33.0,2333.1674805026496,1562.7205838368131,149.30164129368697,1440.8602150537636,161.92878782593013
50,Mullaloo - Kallaroo,2305.486284289277,464.38848920863313,514.2676501580611,0.061075195644777126,0.07854007854007854,33.0,2333.1674805026496,1714.2255005268703,136.10621705169748,1547.9616306954438,150.72514939885434
51,Ocean Reef,2489.2156862745096,533.8383838383838,545.2476290832454,0.06896551724137931,0.07339130434782609,15.0,2333.1674805026496,1817.4920969441516,128.3729092646692,1779.4612794612794,131.11650741897577
52,Padbury,2056.9908814589667,405.3899082568808,470.17860239292526,0.06668148477439431,0.08452763966071951,21.0,2333.1674805026496,1567.2620079764176,148.8690128790359,1351.2996941896026,172.66099374808854
53,Sorrento - Marmion,2725.840336134454,512.9213483146067,575.7850368809274,0.05795950774116713,0.0901064658530252,42.0,2333.1674805026496,1919.2834562697578,121.56450746661986,1709.7378277153557,136.46346490563144
54,Woodvale,2432.601880877743,498.0314960629921,492.87671232876716,0.06350693143499438,0.05508100147275405,51.0,2333.1674805026496,1642.922374429224,142.0132513146415,1660.1049868766404,140.5433691812663
55,Balcatta - Hamersley,1828.5864978902955,369.0843621399177,454.81028875529717,0.06806418219461698,0.0952650978168415,76.0,2333.1674805026496,1516.0342958509907,153.89938650385082,1230.281207133059,189.64505569744182
56,Balga - Mirrabooka,1285.8455882352941,337.74131274131275,390.861688024746,0.1282934963868816,0.08711793094913996,232.0,2333.1674805026496,1302.87229341582,179.07875486289157,1125.804375804376,207.24448497862915
57,Dianella,1967.938311688312,361.0521235521235,477.3972602739727,0.07353896103896104,0.0889628924833492,100.0,2333.1674805026496,1591.3242009132423,146.61798514492975,1203.5070785070784,193.86404302639315
58,Innaloo - Doubleview,2396.0446247464497,411.84738955823286,526.4970645792563,0.06120708040093838,0.10527616458667984,265.0,2333.1674805026496,1754.9902152641878,132.94475719634858,1372.8246318607762,169.9537891697201
59,Karrinyup - Gwelup - Carine,2552.8017241379307,459.88372093023264,563.6469795643386,0.052621340336543136,0.07290995749066083,146.0,2333.1674805026496,1878.823265214462,124.18238179716843,1532.9457364341088,152.20157015668357
60,Nollamara - Westminster,1602.6182432432431,364.7900763358778,436.28661749209687,0.0965466413981891,0.1156677181913775,315.0,2333.1674805026496,1454.2887249736564,160.4335810651983,1215.9669211195928,191.87754534921083
61,Scarborough,2414.0786749482404,413.86054421768716,501.5854480125757,0.05955751284471007,0.14548056284283328,315.0,2333.1674805026496,1671.9514933752523,139.54755803307233,1379.5351473922906,169.12707769084335
62,Stirling - Osborne Park,2153.645833333333,335.22727272727275,488.60875762134765,0.07106265598318666,0.10329171396140747,65.0,2333.1674805026496,1628.6958587378256,143.2537246279217,1117.4242424242425,208.79871689922015
63,Trigg - North Beach - Watermans Bay,2505.357142857143,401.5625,629.041095890411,0.05712828360112216,0.1123295791345584,103.0,2333.1674805026496,2096.803652968037,111.27257801177703,1338.5416666666667,174.30667558619015
64,Tuart Hill - Joondanna,2000.0,345.78125,449.45556726378646,0.0722943722943723,0.12175770521818735,135.0,2333.1674805026496,1498.1852242126215,155.73291224580439,1152.6041666666667,202.42573712449556
65,Wembley Downs - Churchlands - Woodlands,2641.638225255973,424.6710526315789,625.8777008897048,0.0579330422125182,0.09654203967000176,189.0,2333.1674805026496,2086.2590029656826,111.83498679626925,1415.5701754385964,164.82174610522205
66,Yokine - Coolbinia - Menora,2149.06103286385,351.2820512820512,481.3017175439817,0.06703296703296703,0.11679021979451165,204.0,2333.1674805026496,1604.339058479939,145.42857809079663,1170.9401709401707,199.25590891883945
67,Alexander Heights - Koondoola,1589.375,354.41729323308266,404.6250290225215,0.10497045533541884,0.05302851755833137,8.0,2333.1674805026496,1348.7500967417384,172.98738188334747,1181.390977443609,197.493253719556
68,Butler - Merriwa - Ridgewood,1669.5995145631066,362.1757075471698,461.1062289997415,0.1034514581026209,0.08214008214008214,49.0,2333.1674805026496,1537.0207633324717,151.79804568443322,1207.252358490566,193.26261523479823
69,Carramar,2063.4588563458856,401.6216216216216,487.20577404625124,0.07999561066608142,0.059729916897506924,219.0,2333.1674805026496,1624.0192468208375,143.66624564764444,1338.7387387387387,174.28101637671205
70,Clarkson,1822.136563876652,378.5175879396985,453.8379382400743,0.10043423448662278,0.10243716679360244,126.0,2333.1674805026496,1512.7931274669145,154.22911686605855,1261.7252931323285,184.91881657618077
71,Girrawheen,1273.8095238095239,321.6216216216216,369.0314262691378,0.12703330751355538,0.08514908256880734,53.0,2333.1674805026496,1230.1047542304593,189.6722594135696,1072.0720720720722,217.63158851747403
72,Madeley - Darch - Landsdale,2260.491299897646,473.2346241457858,513.8995433789955,0.06598654221836336,0.052892561983471066,343.0,2333.1674805026496,1712.9984779299853,136.20371007696903,1577.4487471526195,147.90765688673838
73,Marangaroo,1627.840909090909,373.5526315789474,420.6080855329101,0.09544592030360532,0.05737704918032788,7.0,2333.1674805026496,1402.026951776367,166.41388224003313,1245.1754385964914,187.37660639471787
74,Mindarie - Quinns Rocks - Jindalee,2283.307210031348,417.9447852760736,531.5896782414779,0.08559782608695653,0.09951107276387693,171.0,2333.1674805026496,1771.9655941382598,131.67115028761677,1393.1492842535788,167.47433364635532
75,Tapping - Ashby - Sinagra,2181.9887429643527,456.51465798045604,508.8823454103189,0.06728439059158946,0.07719665271966528,36.0,2333.1674805026496,1696.274484701063,137.54657642650488,1521.7155266015202,153.32481266806565
76,Wanneroo,2003.7914691943126,401.84887459807067,481.0137453034935,0.07337921043100326,0.06991398279655933,208.0,2333.1674805026496,1603.379151011645,145.51564294886506,1339.4962486602356,174.18245723616502
77,Alkimos - Eglinton,2130.120481927711,365.5448717948718,523.7917808219178,0.06238779174147217,0.12665862484921592,568.0,2333.1674805026496,1745.972602739726,133.6313912853796,1218.4829059829062,191.48134693121258
78,Two Rocks,1581.3953488372092,336.90476190476187,478.8334069818825,0.11419984973703982,0.12064965197215775,104.0,2333.1674805026496,1596.111356606275,146.1782394345929,1123.015873015873,207.7590830694939
79,Yanchep,1769.4256756756754,360.2355072463768,481.46840651903193,0.092210628488231,0.12573344509639564,231.0,2333.1674805026496,1604.894688396773,145.3782293237815,1200.7850241545893,194.30351258297148
80,Armadale - Wungong - Brookdale,1325.061274509804,305.80645161290323,359.6356904850056,0.13100756282020004,0.11295446523120367,608.0,2333.1674805026496,1198.785634950019,194.62758081847775,1019.3548387096774,228.8866832138675
81,Camillo - Champion Lakes,1465.7407407407404,313.45238095238096,367.17310087173104,0.1116921927530818,0.09482758620689656,22.0,2333.1674805026496,1223.9103362391036,190.632222918562,1044.8412698412699,223.30353402456046
82,Forrestdale - Harrisdale - Piara Waters,2298.80694143167,425.71428571428567,533.2955690514448,0.07119071190711908,0.07685639988442647,623.0,2333.1674805026496,1777.6518968381492,131.2499643294943,1419.047619047619,164.41784258575717
83,Kelmscott,1522.9057591623034,316.85022026431716,387.2602739726027,0.09973963548968556,0.0888646288209607,29.0,2333.1674805026496,1290.8675799086757,180.7441380368165,1056.1674008810573,220.90887093810278
84,Mount Nasura - Mount Richon - Bedfordale,1996.0317460317458,360.41666666666674,479.09105560032236,0.06811451135241857,0.07721639656816015,44.0,2333.1674805026496,1596.970185334408,146.09962677631836,1201.3888888888891,194.20584808808178
85,Roleystone,2149.0384615384614,366.66666666666674,489.041095890411,0.06431207169214549,0.06381409074142383,25.0,2333.1674805026496,1630.13698630137,143.12708073671715,1222.2222222222226,190.8955211320349
86,Seville Grove,1679.5774647887326,351.64728682170545,413.5819197863607,0.09131795072350413,0.07072637902785363,103.0,2333.1674805026496,1378.606399287869,169.24101626888339,1172.1576227390183,199.0489534206724
87,Belmont - Ascot - Redcliffe,1951.5027322404367,366.15099009900985,468.8049126121872,0.08063432334363661,0.11699036549931185,76.0,2333.1674805026496,1562.683042040624,149.30522810664735,1220.503300330033,191.16437291662743
88,East Victoria Park - Carlisle,2103.4883720930234,371.41434262948206,485.19225318847435,0.08419225344472171,0.10732209496847253,103.0,2333.1674805026496,1617.3075106282479,144.26245257442253,1238.0478087649403,188.4553620615173
89,Rivervale - Kewdale - Cloverdale,1748.525073746313,362.32358870967744,456.24064397683946,0.09220789250135146,0.11198990323937737,474.0,2333.1674805026496,1520.8021465894649,153.4168981635768,1207.7452956989248,193.18373574392112
90,Victoria Park - Lathlain - Burswood,2185.6984478935697,372.86706349206355,487.5240237170313,0.08023483365949119,0.15054050447083944,74.0,2333.1674805026496,1625.080079056771,143.57246209410596,1242.8902116402119,187.72112441239886
91,Bentley - Wilson - St James,1725.4784688995214,342.1328671328672,468.18493150684935,0.1361169102296451,0.13272830402722632,120.0,2333.1674805026496,1560.6164383561645,149.5029414761408,1140.4428904428908,204.58433298633344
92,Canning Vale - West,2341.79104477612,489.61038961038963,488.1513910464624,0.0848442175673297,0.06346841477949941,8.0,2333.1674805026496,1627.171303488208,143.38794418884967,1632.034632034632,142.9606599459183
93,Cannington - Queens Park,1621.9298245614034,371.16666666666674,447.26099117836907,0.11023704636039436,0.12525527569775358,323.0,2333.1674805026496,1490.8699705945637,156.49704712827335,1237.2222222222226,188.58111652019613
94,Parkwood - Ferndale - Lynwood,1732.876712328767,358.7078651685393,413.7379853174903,0.0910726643598616,0.0876419732157993,27.0,2333.1674805026496,1379.1266177249677,169.177177100061,1195.692883895131,195.13099993553877
95,Riverton - Shelley - Rossmoyne,2123.7244897959185,408.68794326241135,503.3696885088562,0.08775137111517367,0.09699248120300752,70.0,2333.1674805026496,1677.8989616961874,139.05291878505315,1362.2931442080378,171.2676519310405
96,Willetton,2077.2968197879864,418.7150837988827,478.17351598173514,0.09300820025895556,0.060601315377388026,35.0,2333.1674805026496,1593.9117199391171,146.37996893527892,1395.7169459962756,167.16623576116382
97,Beckenham - Kenwick - Langford,1472.545219638243,343.2218309859155,397.2530164202123,0.10965193252188768,0.09369127516778523,239.0,2333.1674805026496,1324.1767214007077,176.19759075923312,1144.0727699530519,203.93523399725643
98,Canning Vale - East,2210.280373831776,446.85114503816806,488.2780100937274,0.08143892080939295,0.06598021948245496,67.0,2333.1674805026496,1627.5933669790913,143.3507611814089,1489.5038167938935,156.64058421311827
99,Gosnells,1429.0465631929044,317.4191374663073,384.11753027595785,0.11952768185362593,0.09405304357985746,133.0,2333.1674805026496,1280.3917675865262,182.22293672666706,1058.0637915543577,220.5129311792335
100,Huntingdale - Southern River,2064.323607427056,409.57142857142856,482.7678546313747,0.08058137235515128,0.0696827083649613,179.0,2333.1674805026496,1609.2261821045824,144.98692020106708,1365.2380952380952,170.89821098903258
101,Maddington - Orange Grove - Martin,1480.8052434456931,318.85838150289015,395.461889708465,0.1174152876280536,0.0828719084533038,316.0,2333.1674805026496,1318.2062990282166,176.99562520848698,1062.8612716763005,219.51759299902565
102,Thornlie,1677.6992287917733,361.8055555555555,410.92307118062035,0.09109345952340714,0.07582832999777629,74.0,2333.1674805026496,1369.7435706020678,170.33607826880404,1206.0185185185182,193.46033619522933
103,Forrestfield - Wattle Grove,1940.5864197530866,379.6875,467.52278076157137,0.07489387507580351,0.07611940298507462,64.0,2333.1674805026496,1558.409269205238,149.71468192643164,1265.625,184.34903549650565
104,High Wycombe,1867.3708920187796,396.875,452.4461839530332,0.07952439777640519,0.0663574021782977,25.0,2333.1674805026496,1508.1539465101107,154.7035357963046,1322.9166666666667,176.36541584901917
105,Kalamunda - Maida Vale - Gooseberry Hill,2064.3939393939395,391.54411764705884,494.3342465753425,0.06413205249627926,0.0785702785380776,66.0,2333.1674805026496,1647.7808219178085,141.5945281962402,1305.1470588235295,178.76663512583679
106,Lesmurdie - Bickley - Carmel,2087.227414330218,368.0232558139535,483.5491905354918,0.0609273903666427,0.06775645581615733,28.0,2333.1674805026496,1611.830635118306,144.7526452015474,1226.7441860465117,190.19185149121122
107,Byford,2000.0,400.0,481.48050579557435,0.07137792484046325,0.08494937360562897,375.0,2333.1674805026496,1604.9350193185812,145.3745760680865,1333.3333333333335,174.9875610376987
108,Mundijong,2145.9390862944165,371.19565217391306,517.8082191780823,0.06793002915451896,0.06826401446654612,135.0,2333.1674805026496,1726.0273972602743,135.17557625134395,1237.3188405797102,188.56639081075585
109,Serpentine - Jarrahdale,1860.655737704918,314.1666666666667,483.28767123287673,0.07750377453447409,0.08042394014962594,26.0,2333.1674805026496,1610.9589041095892,144.8309745550114,1047.2222222222224,222.7958336819506
110,Como,2299.3506493506493,374.4402985074626,498.0648882480173,0.06822488945041061,0.1202156334231806,44.0,2333.1674805026496,1660.2162941600577,140.53394661344734,1248.1343283582087,186.93240202532442
111,Manning - Waterford,2405.038759689923,359.11458333333326,597.5625885687292,0.0907746348678129,0.09526033154331076,49.0,2333.1674805026496,1991.8752952290974,117.1342144807463,1197.0486111111109,194.91000272219384
112,South Perth - Kensington,2757.8864353312297,398.1854838709677,569.1596810468208,0.06399204244031831,0.15304081872720854,208.0,2333.1674805026496,1897.198936822736,122.97959034333194,1327.284946236559,175.78497270825025
113,Banjup,2366.2962962962965,444.5238095238095,501.36986301369865,0.06449605972625466,0.07821043910521955,375.0,2333.1674805026496,1671.2328767123288,139.60756235794543,1481.7460317460318,157.4606869541156
114,Coogee,2253.7593984962405,423.79807692307685,519.1232876712329,0.06238224827297467,0.09149774774774774,110.0,2333.1674805026496,1730.4109589041097,134.83314287261985,1412.6602564102561,165.16126010591645
115,Coolbellup,1796.6269841269839,325.0,438.9442031406616,0.096528768426058,0.08072487644151563,76.0,2333.1674805026496,1463.1473438022053,159.4622366903642,1083.3333333333335,215.36930589255223
116,Hamilton Hill,1589.583333333333,330.3779069767442,437.2602739726028,0.09715309575950627,0.11657775143252322,143.0,2333.1674805026496,1457.5342465753429,160.07634029764415,1101.2596899224807,211.8635142876141
117,North Coogee,3067.708333333333,533.8235294117649,706.2328767123288,0.051920341394025606,0.1362847222222222,129.0,2333.1674805026496,2354.109589041096,99.11040213947827,1779.411764705883,131.12015592907449
118,South Lake - Cockburn Central,1893.5185185185185,381.4130434782609,419.3988959313023,0.08706545568430943,0.10410528383421724,89.0,2333.1674805026496,1397.9963197710078,166.89367829557827,1271.376811594203,183.51502553967833
119,Spearwood,1653.409090909091,359.4145569620253,463.5213043112867,0.07866313429794172,0.1176470588235294,203.0,2333.1674805026496,1545.0710143709557,151.00713551684558,1198.048523206751,194.74732745027617
120,Success - Hammond Park,2253.75,423.5294117647058,505.4861707289762,0.07150622055803843,0.07795698924731183,184.0,2333.1674805026496,1684.9539024299208,138.4707010166819,1411.7647058823527,165.2660298689377
121,Yangebup,2021.929824561404,363.2246376811594,461.08349969023203,0.08286206048684534,0.07437734561583077,17.0,2333.1674805026496,1536.9449989674401,151.80552863441,1210.7487922705313,192.7045061203186
122,Beeliar - Wattleup,2197.452229299363,405.8641975308642,500.1411374014114,0.0718328254244667,0.0907936507936508,114.0,2333.1674805026496,1667.1371246713713,139.9505443178567,1352.8806584362142,172.45922365388404
123,East Fremantle,2859.615384615385,418.48958333333326,591.7808219178082,0.0563165905631659,0.12465627864344635,24.0,2333.1674805026496,1972.6027397260275,118.27862921992597,1394.9652777777776,167.25631223018374
124,Fremantle,2426.047120418848,379.9295774647888,514.3561643835617,0.07061386646161733,0.16131432114073155,389.0,2333.1674805026496,1714.5205479452056,136.08279488390332,1266.4319248826293,184.23157492013505
125,Fremantle - South,2020.5479452054794,357.8125,489.93607305936064,0.07625390784287074,0.11192930780559647,96.0,2333.1674805026496,1633.1202435312023,142.8656273011334,1192.7083333333335,195.61928220808238
126,Bertram - Wellard (West),1988.5057471264367,372.9803493449782,471.9961267906473,0.09588142707240294,0.09873908826382154,482.0,2333.1674805026496,1573.320422635491,148.29576016017947,1243.2678311499274,187.6641076078232
127,Calista,1354.1666666666667,303.2303370786517,348.35616438356163,0.14246068455134134,0.09183980728696177,44.0,2333.1674805026496,1161.1872146118722,200.92948416440436,1010.7677902621724,230.83120603768683
128,Parmelia - Orelia,1373.125,294.40476190476187,348.44831880448316,0.12802130274477674,0.100356170123612,94.0,2333.1674805026496,1161.494396014944,200.87634417416774,981.3492063492063,237.7509927564366
129,Casuarina - Wandi,2224.6543778801847,406.6176470588235,525.355722492267,0.06863711001642038,0.0895968143354903,278.0,2333.1674805026496,1751.18574164089,133.23358139705005,1355.392156862745,172.1396622143004
130,Applecross - Ardross,2755.291005291005,489.3665158371041,691.0230253570387,0.0627570177006973,0.11906744379683595,89.0,2333.1674805026496,2303.4100845234625,101.29188441863332,1631.2217194570137,143.03190379780457
131,Bateman,2414.285714285714,455.6818181818182,513.5688536409517,0.08103975535168195,0.07313540912382331,4.0,2333.1674805026496,1711.8961788031725,136.29141237606026,1518.939393939394,153.60504111039887
132,Bicton - Palmyra,2290.983606557377,375.4120879120879,500.94934692577255,0.06424581005586592,0.10474607013301088,41.0,2333.1674805026496,1669.8311564192418,139.7247542982642,1251.3736263736264,186.44850996771996
133,Booragoon,2506.3636363636365,419.8717948717949,583.013698630137,0.06953778631189138,0.10211211688105447,299.0,2333.1674805026496,1943.3789954337901,120.05725522323313,1399.5726495726499,166.7057070038534
134,Bull Creek,2138.6363636363635,432.35294117647067,488.21917808219183,0.08203870264377215,0.08718114304165321,19.0,2333.1674805026496,1627.3972602739727,143.3680354180921,1441.1764705882356,161.8932537491634
135,Leeming,2427.3743016759777,472.0,488.26360607182534,0.06155115511551155,0.060054821829055575,16.0,2333.1674805026496,1627.545353572751,143.3549901009476,1573.3333333333335,148.29454325228704
136,Melville,2511.904761904762,419.3097014925372,565.410237923576,0.05163406633458875,0.0902532391048292,70.0,2333.1674805026496,1884.7007930785867,123.79511321218843,1397.6990049751241,166.92917947267014
137,Murdoch - Kardinya,2015.625,423.45360824742266,475.2409234601015,0.08692873122403323,0.07967715231788079,25.0,2333.1674805026496,1584.1364115336717,147.28324300328455,1411.5120274914088,165.2956145651299
138,Willagee,1908.9285714285716,278.125,488.97006595636736,0.08052181736392262,0.10135746606334843,65.0,2333.1674805026496,1629.900219854558,143.14787200352956,927.0833333333334,251.66750351489253
139,Winthrop,2451.183431952663,575.0,516.1643835616438,0.06764052080025405,0.07975460122699386,6.0,2333.1674805026496,1720.5479452054794,135.6060717171126,1916.6666666666667,121.73047724361649
140,Baldivis,2116.777531411678,390.625,490.8074075895822,0.07808850829390981,0.07516366951189192,700.0,2333.1674805026496,1636.024691965274,142.6119967480401,1302.0833333333335,179.18726250260346
141,Cooloongup,1362.9943502824858,315.4191616766467,351.36201029578575,0.13662486938349008,0.0919227631221104,4.0,2333.1674805026496,1171.2067009859525,199.21056450057262,1051.3972055888223,221.91113578202706
142,Port Kennedy,1942.4019607843134,373.28680203045684,434.09325122533613,0.1059347181008902,0.08145722472370037,13.0,2333.1674805026496,1446.9775040844538,161.24421243016593,1244.2893401015228,187.51004330811708
143,Rockingham,1469.791666666667,305.3135888501742,394.7152126892573,0.1064385150812065,0.16080526904436435,31.0,2333.1674805026496,1315.7173756308578,177.3304452549277,1017.7119628339141,229.25617126536733
144,Safety Bay - Shoalwater,1669.254658385093,314.10614525139664,425.8517737969792,0.10294968189705032,0.1658308836244164,30.0,2333.1674805026496,1419.5059126565975,164.3647595758259,1047.020484171322,222.83876158824773
145,Singleton - Golden Bay - Secret Harbour,2219.6296296296296,391.1585365853659,491.6956891881433,0.0873388042203986,0.11794726396370855,222.0,2333.1674805026496,1638.9856306271445,142.35435850708967,1303.8617886178863,178.9428527525025
146,Waikiki,1776.3761467889908,350.29069767441865,413.24597974985113,0.10024855012427507,0.10303514376996806,54.0,2333.1674805026496,1377.4865991661704,169.37859736094555,1167.635658914729,199.81982073682437
147,Warnbro,1615.327380952381,339.32038834951464,394.1600576784426,0.12228682170542635,0.09647112740604948,5.0,2333.1674805026496,1313.8668589281422,177.58020644542756,1131.067961165049,206.28004334057752
